Designator,Device,Footprint,Mid X,Mid Y,Ref X,Ref Y,Pad X,Pad Y,Pins,Layer,Rotation,SMD,Comment,Name,Add into BOM,Supplier Part
C1,10uF / 10V X5R,C0603,24.5,24,24.5,24,23.8,24,2,T,0,Yes,10uF / 10V X5R,10uF / 10V X5R,yes,C19702
C2,100nF / 10V X7R,C0603,24.5,22,24.5,22,23.8,22,2,T,0,Yes,100nF / 10V X7R,100nF / 10V X7R,yes,C14663
C24,4.7uF / 10V X5R,C0603,16,73,16,73,15.3,73,2,T,0,Yes,4.7uF / 10V X5R,4.7uF / 10V X5R,yes,C19666
C25,100nF / 10V X7R,C0603,19,73,19,73,18.3,73,2,T,0,Yes,100nF / 10V X7R,100nF / 10V X7R,yes,C14663
C27,1uF / 10V X5R,C0603,30,77,30,77,29.3,77,2,T,0,Yes,1uF / 10V X5R,1uF / 10V X5R,yes,C15849
C29,4.7uF / 10V X5R,C0603,60,35.5,60,35.5,59.3,35.5,2,T,0,Yes,4.7uF / 10V X5R,4.7uF / 10V X5R,yes,C19666
C30,100nF / 10V X7R,C0603,70.2,32,70.2,32,69.5,32,2,T,0,Yes,100nF / 10V X7R,100nF / 10V X7R,yes,C14663
C31,4.7uF / 10V X5R,C0603,73,32,73,32,72.3,32,2,T,0,Yes,4.7uF / 10V X5R,4.7uF / 10V X5R,yes,C19666
C32,1uF / 10V X5R,C0603,65,29,65,29,64.3,29,2,T,0,Yes,1uF / 10V X5R,1uF / 10V X5R,yes,C15849
C33,2.2uF / 10V X5R,C0603,61,43,61,43,60.3,43,2,T,0,Yes,2.2uF / 10V X5R,2.2uF / 10V X5R,yes,C23630
C34,2.2uF / 10V X5R,C0603,60,32,60,32,59.3,32,2,T,0,Yes,2.2uF / 10V X5R,2.2uF / 10V X5R,yes,C23630
C36,2.2uF / 10V X5R,C0603,65,40.5,65,40.5,64.3,40.5,2,T,0,Yes,2.2uF / 10V X5R,2.2uF / 10V X5R,yes,C23630
C38,16pF / 50V C0G 2%,C0603,57.5,38.5,57.5,38.5,56.8,38.5,2,T,0,Yes,16pF / 50V C0G 2%,16pF / 50V C0G 2%,yes,C519489
C39,16pF / 50V C0G 2%,C0603,60,41,60,41,59.3,41,2,T,0,Yes,16pF / 50V C0G 2%,16pF / 50V C0G 2%,yes,C519489
C40,750pF / 50V C0G 2%,C0603,70,42,70,42,69.3,42,2,T,0,Yes,750pF / 50V C0G 2%,750pF / 50V C0G 2%,yes,C17578242
C41,750pF / 50V C0G 2%,C0603,72,39.5,72,39.5,71.3,39.5,2,T,0,Yes,750pF / 50V C0G 2%,750pF / 50V C0G 2%,yes,C17578242
C42,62pF / 50V C0G 2%,C0603,72.5,42,72.5,42,71.8,42,2,T,0,Yes,62pF / 50V C0G 2%,62pF / 50V C0G 2%,yes,C296067
C43,62pF / 50V C0G 2%,C0603,74.5,39.5,74.5,39.5,73.8,39.5,2,T,0,Yes,62pF / 50V C0G 2%,62pF / 50V C0G 2%,yes,C296067
C44,200pF / 50V C0G 2%,C0603,73.5,44.5,73.5,44.5,72.8,44.5,2,T,0,Yes,200pF / 50V C0G 2%,200pF / 50V C0G 2%,yes,C519477
C45,200pF / 50V C0G 2%,C0603,76.5,44.5,76.5,44.5,75.8,44.5,2,T,0,Yes,200pF / 50V C0G 2%,200pF / 50V C0G 2%,yes,C519477
D4,IR91-21C/TR10,LED-SMD_IR91-21C-TR10,70,82,70,82,72.54,82,2,T,0,Yes,IR91-21C/TR10,IR91-21C/TR10,yes,C108185
D5,TPD2EUSB30DRTR,SOT-9X3-3_L1.0-W0.8-P0.35-LS1.0-BR,68,75,68,75,68.5,74.65,3,T,0,Yes,TPD2EUSB30DRTR,TPD2EUSB30DRTR,yes,C97502
D6,TPD2EUSB30DRTR,SOT-9X3-3_L1.0-W0.8-P0.35-LS1.0-BR,68,78,68,78,68.5,77.65,3,T,0,Yes,TPD2EUSB30DRTR,TPD2EUSB30DRTR,yes,C97502
D7,TPD2EUSB30DRTR,SOT-9X3-3_L1.0-W0.8-P0.35-LS1.0-BR,48,10,48,10,48.5,9.65,3,T,0,Yes,TPD2EUSB30DRTR,TPD2EUSB30DRTR,yes,C97502
IR1,IRM-H638T/TR2,SENSOR-SMD_IRM-H638T-TR2-TL,16,82,16,82,13.05,83.27,4,T,0,Yes,IRM-H638T/TR2,IRM-H638T/TR2,yes,C91447
J2,USB4105-GF-A,RURI_GCT_USB4105_REVB1,44,4.977,44,4.973,39.68,6.78,20,T,0,No,USB4105-GF-A,USB4105-GF-A,yes,C3020560
L2,160nH LQW18CNR16J00D,IND-SMD_L1.6-W0.8-1,68,40,68,40,68,40.7,2,T,90,Yes,160nH LQW18CNR16J00D,160nH LQW18CNR16J00D,yes,C437367
L3,160nH LQW18CNR16J00D,IND-SMD_L1.6-W0.8-1,70,38,70,38,70.7,38,2,T,0,Yes,160nH LQW18CNR16J00D,160nH LQW18CNR16J00D,yes,C437367
Q1,AO3400A,SOT-23-3_L2.9-W1.3-P1.90-LS2.4-BR,59,78,59,78,60,77.05,3,T,0,Yes,AO3400A,AO3400A,yes,C20917
Q2,AO3400A,SOT-23-3_L2.9-W1.3-P1.90-LS2.4-BR,39,72,39,72,40,71.05,3,T,0,Yes,AO3400A,AO3400A,yes,C20917
R3,22R / 1%,R0603,29.21,24.01,29.21,24.01,28.457,24.01,2,T,0,Yes,22R / 1%,22R / 1%,yes,C23345
R20,5.1k 1%,R0603,40,12,40,12,39.247,12,2,T,0,Yes,5.1k 1%,5.1k 1%,yes,C23186
R21,5.1k 1%,R0603,43,12,43,12,42.247,12,2,T,0,Yes,5.1k 1%,5.1k 1%,yes,C23186
R32,33R,R0603,14,28,14,28,13.247,28,2,T,0,Yes,33R,33R,yes,C23140
R33,33R,R0603,17,28,17,28,16.247,28,2,T,0,Yes,33R,33R,yes,C23140
R49,100k,R0603,66,80,66,80,65.247,80,2,T,0,Yes,100k,100k,yes,C25803
R51,47k,R0603,20,77,20,77,19.247,77,2,T,0,Yes,47k,47k,yes,C25819
R52,20k 1%,R0603,30,80,30,80,29.247,80,2,T,0,Yes,20k 1%,20k 1%,yes,C4184
R55,100k,R0603,42,72,42,72,41.247,72,2,T,0,Yes,100k,100k,yes,C25803
R57,1R 1% >=0.1W,R0603,40,69,40,69,39.247,69,2,T,0,Yes,1R 1% >=0.1W,1R 1% >=0.1W,yes,C22936
R59,100k,R0603,61,29,61,29,60.247,29,2,T,0,Yes,100k,100k,yes,C25803
R60,1R / 1% / 0.25W C17928,R1206,78,42,78,42,76.521,42,2,T,0,Yes,1R / 1% / 0.25W C17928,1R / 1% / 0.25W C17928,yes,C17928
R61,1R / 1% / 0.25W C17928,R1206,78,37,78,37,76.521,37,2,T,0,Yes,1R / 1% / 0.25W C17928,1R / 1% / 0.25W C17928,yes,C17928
R62,2.2k / 1%,R0603,74,34,74,34,73.247,34,2,T,0,Yes,2.2k / 1%,2.2k / 1%,yes,C4190
R63,2.2k / 1%,R0603,77,34,77,34,76.247,34,2,T,0,Yes,2.2k / 1%,2.2k / 1%,yes,C4190
R66,1R / 1% / 0.25W C17928,R1206,83,42,83,42,81.521,42,2,T,0,Yes,1R / 1% / 0.25W C17928,1R / 1% / 0.25W C17928,yes,C17928
R67,1R / 1% / 0.25W C17928,R1206,83,37,83,37,81.521,37,2,T,0,Yes,1R / 1% / 0.25W C17928,1R / 1% / 0.25W C17928,yes,C17928
U8,PN7160A1HN/C100Y,HVQFN-40_L6.0-W6.0-P0.50-BL-EP4.1,65,35,65,35,62.75,31.95,41,T,0,Yes,PN7160A1HN/C100Y,PN7160A1HN/C100Y,yes,C3303790
Y1,XRCGB27M120F3M10R0,CRYSTAL-SMD_4P-L2.0-W1.6-BL,60,38.5,60,38.5,59.3,37.95,4,T,0,Yes,XRCGB27M120F3M10R0,XRCGB27M120F3M10R0,yes,C338245
C35,2.2uF / 10V X5R,C0603,70.55,33.8,70.55,33.8,69.85,33.8,2,T,0,Yes,2.2uF / 10V X5R,2.2uF / 10V X5R,yes,C23630
C37,100nF / 10V X7R,C0603,72,36,72,36,72.7,36,2,T,180,Yes,100nF / 10V X7R,100nF / 10V X7R,yes,C14663
C3,CL10A105KB8NNNC,C0603,26,27.5,26,27.5,25.3,27.5,2,T,0,Yes,1uF,1uF,yes,C59782
C9,CL10A105KB8NNNC,C0603,47,17,47,17,46.3,17,2,T,0,Yes,1uF,1uF,yes,C59782
C10,10uF / 10V X5R,C0603,43,13.3,43,13.3,42.3,13.3,2,T,0,Yes,10uF / 10V X5R,10uF / 10V X5R,yes,C19702
C11,10uF / 10V X5R,C0603,50.5,14.5,50.5,14.5,49.8,14.5,2,T,0,Yes,10uF / 10V X5R,10uF / 10V X5R,yes,C19702
C28,CC0603FRNPO9BN102,C0603,31,74,31,74,30.3,74,2,T,0,Yes,1nF,1nF,yes,C309468
C46,CC0603FRNPO9BN102,C0603,73,29,73,29,72.3,29,2,T,0,Yes,1nF,1nF,yes,C309468
C47,CC0603FRNPO9BN102,C0603,76,29,76,29,75.3,29,2,T,0,Yes,1nF,1nF,yes,C309468
R1,0603WAF1002T5E,R0603,26,30,26,30,25.247,30,2,T,0,Yes,10kΩ,10kΩ,yes,C25804
R5,0603WAF1002T5E,R0603,55,56,55,56,54.247,56,2,T,0,Yes,10kΩ,10kΩ,yes,C25804
R46,200R 1% >=0.125W,R0603,59,83,59,83,58.247,83,2,T,0,Yes,200R 1% >=0.125W,200R 1% >=0.125W,yes,C844266
R47,200R 1% >=0.125W,R0603,63,83,63,83,62.247,83,2,T,0,Yes,200R 1% >=0.125W,200R 1% >=0.125W,yes,C844266
R48,0603WAF1001T5E,R0603,58,80,58,80,57.247,80,2,T,0,Yes,1kΩ,1kΩ,yes,C21190
R53,0603WAF1001T5E,R0603,33,80,33,80,32.247,80,2,T,0,Yes,1kΩ,1kΩ,yes,C21190
R54,0603WAF1001T5E,R0603,36,74,36,74,35.247,74,2,T,0,Yes,1kΩ,1kΩ,yes,C21190
R56,0603WAF1002T5E,R0603,32,72,32,72,31.247,72,2,T,0,Yes,10kΩ,10kΩ,yes,C25804
R58,0R,R0603,36,69,36,69,35.247,69,2,T,0,Yes,0R,0R,yes,C21189
L1,RURI_Sunlord_MWSA0402S_C6331050,RURI_MWSA0402S_1.5x2.5_GAP2.2,35.5,49,35.5,49,35.5,50.85,2,T,90,Yes,MWSA0402S-R47MT / 0.47uH,MWSA0402S-R47MT / 0.47uH,yes,C6331050
Q11,AO3400A_C20917,SOT-23-3_L2.9-W1.3-P1.90-LS2.4-BR,45,46,45,46,46,45.05,3,T,0,Yes,AO3400A,AO3400A,yes,C20917
Q15,AO3400A_C20917,SOT-23-3_L2.9-W1.3-P1.90-LS2.4-BR,19,45,19,45,20,44.05,3,T,0,Yes,AO3400A,AO3400A,yes,C20917
Q16,AO3400A_C20917,SOT-23-3_L2.9-W1.3-P1.90-LS2.4-BR,52,37,52,37,53,36.05,3,T,0,Yes,AO3400A,AO3400A,yes,C20917
R73,0603WAF1001T5E,R0603,48,40,48,40,47.247,40,2,T,0,Yes,1kΩ,1kΩ,yes,C21190
D8,BAT54W_C7502705,SOD-123_L2.7-W1.6-LS3.7-RD,45,37,45,37,43.365,37,2,T,0,Yes,BAT54W,BAT54W,yes,C7502705
R84,0603WAF1003T5E,R0603,48,35,48,35,47.247,35,2,T,0,Yes,100kΩ,100kΩ,yes,C25803
R85,0603WAF1003T5E,R0603,55,37,55,37,54.247,37,2,T,0,Yes,100kΩ,100kΩ,yes,C25803
R86,0603WAF1003T5E,R0603,55,40,55,40,54.247,40,2,T,0,Yes,100kΩ,100kΩ,yes,C25803
C6,100nF / 10V X7R,C0603,43,56,43,56,42.3,56,2,T,0,Yes,100nF / 10V X7R,100nF / 10V X7R,yes,C14663
C7,4.7uF / 10V X5R,C0603,46,56,46,56,45.3,56,2,T,0,Yes,4.7uF / 10V X5R,4.7uF / 10V X5R,yes,C19666
C12,10uF / 10V X5R,C0603,31,51.5,31,51.5,31.7,51.5,2,T,180,Yes,10uF / 10V X5R,10uF / 10V X5R,yes,C19702
C13,22uF / 10V X5R,C0603,30,45.5,30,45.5,30,44.8,2,T,90,Yes,22uF / 10V X5R,22uF / 10V X5R,yes,C7432770
C14,22uF / 10V X5R,C0603,36,44,36,44,36,43.3,2,T,90,Yes,22uF / 10V X5R,22uF / 10V X5R,yes,C7432770
C15,CL10A105KB8NNNC,C0603,37,54,37,54,36.3,54,2,T,0,Yes,1uF,1uF,yes,C59782
C16,CL10A105KB8NNNC,C0603,40,54,40,54,39.3,54,2,T,0,Yes,1uF,1uF,yes,C59782
C18,10uF / 10V X5R,C0603,69,70,69,70,68.3,70,2,T,0,Yes,10uF / 10V X5R,10uF / 10V X5R,yes,C19702
C19,100nF / 10V X7R,C0603,69,73,69,73,68.3,73,2,T,0,Yes,100nF / 10V X7R,100nF / 10V X7R,yes,C14663
C20,10uF / 10V X5R,C0603,14,43,14,43,13.3,43,2,T,0,Yes,10uF / 10V X5R,10uF / 10V X5R,yes,C19702
C21,100nF / 10V X7R,C0603,15,49,15,49,14.3,49,2,T,0,Yes,100nF / 10V X7R,100nF / 10V X7R,yes,C14663
C22,100nF / 10V X7R,C0603,79,55,79,55,78.3,55,2,T,0,Yes,100nF / 10V X7R,100nF / 10V X7R,yes,C14663
C23,100nF / 10V X7R,C0603,23,54,23,54,22.3,54,2,T,0,Yes,100nF / 10V X7R,100nF / 10V X7R,yes,C14663
C26,100nF / 10V X7R,C0603,36,79,36,79,35.3,79,2,T,0,Yes,100nF / 10V X7R,100nF / 10V X7R,yes,C14663
D1,TPD2EUSB30DRTR,SOT-9X3-3_L1.0-W0.8-P0.35-LS1.0-BR,44,9.5,44,9.5,44.5,9.15,3,T,0,Yes,TPD2EUSB30DRTR,TPD2EUSB30DRTR,yes,C97502
D2,TPD2EUSB30DRTR,SOT-9X3-3_L1.0-W0.8-P0.35-LS1.0-BR,40,9.5,40,9.5,40.5,9.15,3,T,0,Yes,TPD2EUSB30DRTR,TPD2EUSB30DRTR,yes,C97502
D3,TPD2EUSB30DRTR,SOT-9X3-3_L1.0-W0.8-P0.35-LS1.0-BR,68,68,68,68,68.5,67.65,3,T,0,Yes,TPD2EUSB30DRTR,TPD2EUSB30DRTR,yes,C97502
J1,FH12A-40S-0.5SH(55),RURI_FH12A40_TOP_DRAFT,49,60.625,49,59,58.75,59,42,T,0,Yes,FH12A-40S-0.5SH(55),FH12A-40S-0.5SH(55),yes,C506795
J3,S3B-XH-SM4-TB(LF)(SN),CONN-TH_S3B-XH-SM4-TB-LF-SN,7,60.5,7,60.5,4.501,63.909,5,T,0,Yes,S3B-XH-SM4-TB(LF)(SN),S3B-XH-SM4-TB(LF)(SN),yes,C161860
J4,DM3AT-SF-PEJM5,SD-SMD_DM3AT-SF-PEJM5,79.19,73,79.19,73,71.64,75.85,14,T,90,Yes,DM3AT-SF-PEJM5,DM3AT-SF-PEJM5,yes,C114218
J5,S2B-PH-SM4-TB(LF)(SN),CONN-SMD_P2.00_S2B-PH-SM4-TB-LF-SN,6,48,6,48,7,45.075,4,T,180,Yes,S2B-PH-SM4-TB(LF)(SN),S2B-PH-SM4-TB(LF)(SN),yes,C295747
MIC1,SPH0645LM4H-B,MIC-SMD_6P-L3.5-W2.7-P0.90-BL,82,55,82,55,80.714,54.1,9,T,0,Yes,SPH0645LM4H-B,SPH0645LM4H-B,yes,C45337831
Q12,AO3401A_C15127,SOT-23_L2.9-W1.3-P1.90-LS2.4-BR,48,49,48,49,49.15,48.05,3,T,0,Yes,AO3401A,AO3401A,yes,C15127
Q13,AO3401A_C15127,SOT-23_L2.9-W1.3-P1.90-LS2.4-BR,52,49,52,49,53.15,48.05,3,T,0,Yes,AO3401A,AO3401A,yes,C15127
Q14,AO3401A_C15127,SOT-23_L2.9-W1.3-P1.90-LS2.4-BR,19,49,19,49,20.15,48.05,3,T,0,Yes,AO3401A,AO3401A,yes,C15127
R4,0603WAF1002T5E,R0603,52,56,52,56,51.247,56,2,T,0,Yes,10kΩ,10kΩ,yes,C25804
R6,4.7k,R0603,36,42,36,42,35.247,42,2,T,0,Yes,4.7k,4.7k,yes,C23162
R7,4.7k,R0603,39,57,39,57,38.247,57,2,T,0,Yes,4.7k,4.7k,yes,C23162
R9,100k,R0603,39,44,39,44,38.247,44,2,T,0,Yes,100k,100k,yes,C25803
R10,100k,R0603,39,47,39,47,38.247,47,2,T,0,Yes,100k,100k,yes,C25803
R15,0603WAF1002T5E,R0603,24,34,24,34,23.247,34,2,T,0,Yes,10kΩ,10kΩ,yes,C25804
R16,0603WAF1002T5E,R0603,24,37,24,37,23.247,37,2,T,0,Yes,10kΩ,10kΩ,yes,C25804
R17,0603WAF1002T5E,R0603,24,40,24,40,23.247,40,2,T,0,Yes,10kΩ,10kΩ,yes,C25804
R18,0603WAF1002T5E,R0603,24,43,24,43,23.247,43,2,T,0,Yes,10kΩ,10kΩ,yes,C25804
R19,0603WAF1002T5E,R0603,24,46,24,46,23.247,46,2,T,0,Yes,10kΩ,10kΩ,yes,C25804
R23,0603WAF4701T5E,R0603,49.5,17,49.5,17,48.747,17,2,T,0,Yes,4.7kΩ,4.7kΩ,yes,C23162
R26,53.6k 0.1%,R0603,28,48,28,48,27.247,48,2,T,0,Yes,53.6k 0.1%,53.6k 0.1%,yes,C861467
R27,10k 0.1%,R0603,28,46,28,46,27.247,46,2,T,0,Yes,10k 0.1%,10k 0.1%,yes,C95204
R28,100k,R0603,28,50,28,50,27.247,50,2,T,0,Yes,100k,100k,yes,C25803
R31,100k,R0603,53,72,53,72,52.247,72,2,T,0,Yes,100k,100k,yes,C25803
R34,47k,R0603,64,70,64,70,63.247,70,2,T,0,Yes,47k,47k,yes,C25819
R35,47k,R0603,64,73,64,73,63.247,73,2,T,0,Yes,47k,47k,yes,C25819
R36,47k,R0603,64,76,64,76,63.247,76,2,T,0,Yes,47k,47k,yes,C25819
R37,47k,R0603,61,70,61,70,60.247,70,2,T,0,Yes,47k,47k,yes,C25819
R38,47k,R0603,61,73,61,73,60.247,73,2,T,0,Yes,47k,47k,yes,C25819
R40,33R,R0603,5,28,5,28,4.247,28,2,T,0,Yes,33R,33R,yes,C23140
R41,33R,R0603,8,28,8,28,7.247,28,2,T,0,Yes,33R,33R,yes,C23140
R42,33R,R0603,11,28,11,28,10.247,28,2,T,0,Yes,33R,33R,yes,C23140
R43,100k,R0603,82,52,82,52,81.247,52,2,T,0,Yes,100k,100k,yes,C25803
R44,1M 1%,R0603,23,49,23,49,22.247,49,2,T,0,Yes,1M 1%,1M 1%,yes,C22935
R45,330k 1%,R0603,23,52,23,52,22.247,52,2,T,0,Yes,330k 1%,330k 1%,yes,C23137
R50,47R,R0603,16,76,16,76,15.247,76,2,T,0,Yes,47R,47R,yes,C23182
R74,0603WAF1003T5E,R0603,47,52,47,52,46.247,52,2,T,0,Yes,100kΩ,100kΩ,yes,C25803
R75,0603WAF1003T5E,R0603,19,52,19,52,18.247,52,2,T,0,Yes,100kΩ,100kΩ,yes,C25803
R76,0603WAF1002T5E,R0603,54,46,54,46,53.247,46,2,T,0,Yes,10kΩ,10kΩ,yes,C25804
SW1,TS-1187A-A-I-B,SW-SMD_4P-L5.1-W5.1-P3.70-LS6.5-TL_H1.7,42,31,42,31,39,32.85,4,T,0,Yes,TS-1187A-A-I-B,TS-1187A-A-I-B,yes,C21262538
SW2,TS-1187A-A-I-B,SW-SMD_4P-L5.1-W5.1-P3.70-LS6.5-TL_H1.7,42,17,42,17,39,18.85,4,T,0,Yes,TS-1187A-A-I-B,TS-1187A-A-I-B,yes,C21262538
SW3,TS-1187A-A-I-B,SW-SMD_4P-L5.1-W5.1-P3.70-LS6.5-TL_H1.7,35,24,35,24,32,25.85,4,T,0,Yes,TS-1187A-A-I-B,TS-1187A-A-I-B,yes,C21262538
SW4,TS-1187A-A-I-B,SW-SMD_4P-L5.1-W5.1-P3.70-LS6.5-TL_H1.7,49,24,49,24,46,25.85,4,T,0,Yes,TS-1187A-A-I-B,TS-1187A-A-I-B,yes,C21262538
SW5,TS-1187A-A-I-B,SW-SMD_4P-L5.1-W5.1-P3.70-LS6.5-TL_H1.7,42,24,42,24,40.15,21,4,T,90,Yes,TS-1187A-A-I-B,TS-1187A-A-I-B,yes,C21262538
SW6,B3U-3000P / SIDE POWER,KEY-SMD_B3U-3000P,86.7,40,86.7,40,86.7,41.7,2,T,270,Yes,B3U-3000P / SIDE POWER,B3U-3000P / SIDE POWER,yes,C963349
U1,ESP32-S3-WROOM-1-N16R8,WIRELM-SMD_ESP32-S3-WROOM-1,13,16.395,13,16.395,21.75,7.5,49,T,180,Yes,ESP32-S3-WROOM-1-N16R8,ESP32-S3-WROOM-1-N16R8,yes,C2913202
U3,BQ24074RGTR,QFN-16_L3.0-W3.0-P0.50-TL-EP1.7,47,13.5,47,13.5,45.5,14.25,17,T,0,Yes,BQ24074RGTR,BQ24074RGTR,yes,C54313
U4,TPS63802DLAR,VSON-HR-10_L3.0-W2.0-P0.50-TL,31,49,31,49,30.175,50,10,T,0,Yes,TPS63802DLAR,TPS63802DLAR,yes,C2845237
U7,MAX98357AETE+T,TQFN-16_L3.0-W3.0-P0.50-BL-EP1.5,14,46,14,46,13.252,44.5,17,T,0,Yes,MAX98357AETE+T,MAX98357AETE+T,yes,C910544
U9,TLV9001IDBVR,SOT-23-5_L3.0-W1.7-P0.95-LS2.8-BR,34,76,34,76,35.3,75.05,5,T,0,Yes,TLV9001IDBVR,TLV9001IDBVR,yes,C398363
R22,0603WAF2201T5E,R0603,50.5,12,50.5,12,49.747,12,2,T,0,Yes,2.2kΩ,2.2kΩ,yes,C4190
R2,22R / 1%,R0603,29.21,22.739,29.21,22.74,28.457,22.74,2,T,0,Yes,22R / 1%,22R / 1%,yes,C23345
