No.,Quantity,Comment,Designator,Footprint,Value,Manufacturer Part,Manufacturer,Supplier Part,Supplier
1,6,10uF / 10V X5R,"C1,C10,C11,C12,C18,C20",C0603,10uF,CL10A106KP8NNNC,SAMSUNG(三星),C19702,LCSC
2,10,100nF / 10V X7R,"C2,C6,C19,C21,C22,C23,C25,C26,C30,C37",C0603,100nF,CC0603KRX7R9BB104,YAGEO(国巨),C14663,LCSC
3,4,1uF,"C3,C9,C15,C16",C0603,1uF,CL10B105KO8NNNC,SAMSUNG(三星),C59782,LCSC
4,4,4.7uF / 10V X5R,"C7,C24,C29,C31",C0603,4.7uF,CL10A475KO8NNNC,SAMSUNG(三星),C19666,LCSC
5,2,22uF / 10V X5R,"C13,C14",C0603,22uF,HGC0603R5226M100NTHJ,Chinocera(华瓷),C7432770,LCSC
6,2,1uF / 10V X5R,"C27,C32",C0603,1uF,CL10A105KB8NNNC,SAMSUNG(三星),C15849,LCSC
7,3,1nF,"C28,C46,C47",C0603,1nF,CC0603FRNPO9BN102,YAGEO(国巨),C309468,LCSC
8,4,2.2uF / 10V X5R,"C33,C34,C35,C36",C0603,2.2uF,CL10A225KO8NNNC,SAMSUNG(三星),C23630,LCSC
9,2,16pF / 50V C0G 2%,"C38,C39",C0603,16pF,CC0603FRNPO9BN160,YAGEO(国巨),C519489,LCSC
10,2,750pF / 50V C0G 2%,"C40,C41",C0603,750pF,GCM1885C2A751FA16J,muRata(村田),C17578242,LCSC
11,2,62pF / 50V C0G 2%,"C42,C43",C0603,62pF,0603N620G500CT,Walsin(华新科),C296067,LCSC
12,2,200pF / 50V C0G 2%,"C44,C45",C0603,200pF,CC0603GRNPO9BN201,YAGEO(国巨),C519477,LCSC
13,6,TPD2EUSB30DRTR,"D1,D2,D3,D5,D6,D7",SOT-9X3-3_L1.0-W0.8-P0.35-LS1.0-BR,,TPD2EUSB30DRTR,TI(德州仪器),C97502,LCSC
14,1,IR91-21C/TR10,D4,LED-SMD_IR91-21C-TR10,,IR91-21C/TR10,EVERLIGHT(亿光),C108185,LCSC
15,1,BAT54W,D8,SOD-123_L2.7-W1.6-LS3.7-RD,,BAT54W,R+O(宏嘉诚),C7502705,LCSC
16,1,IRM-H638T/TR2,IR1,SENSOR-SMD_IRM-H638T-TR2-TL,,IRM-H638T/TR2,EVERLIGHT(亿光),C91447,LCSC
17,1,FH12A-40S-0.5SH(55),J1,RURI_FH12A40_TOP_DRAFT,,FH12A-40S-0.5SH(55),HRS(广濑),C506795,LCSC
18,1,USB4105-GF-A,J2,RURI_GCT_USB4105_REVB1,,USB4105-GF-A,GCT,C3020560,LCSC
19,1,S3B-XH-SM4-TB(LF)(SN),J3,CONN-TH_S3B-XH-SM4-TB-LF-SN,,S3B-XH-SM4-TB(LF)(SN),JST,C161860,LCSC
20,1,DM3AT-SF-PEJM5,J4,SD-SMD_DM3AT-SF-PEJM5,,DM3AT-SF-PEJM5,HRS(广濑),C114218,LCSC
21,1,S2B-PH-SM4-TB(LF)(SN),J5,CONN-SMD_P2.00_S2B-PH-SM4-TB-LF-SN,,S2B-PH-SM4-TB(LF)(SN),JST,C295747,LCSC
22,1,MWSA0402S-R47MT / 0.47uH,L1,RURI_MWSA0402S_1.5x2.5_GAP2.2,,MWSA0402S-R47MT,Sunlord(顺络),C6331050,LCSC
23,2,160nH LQW18CNR16J00D,"L2,L3",IND-SMD_L1.6-W0.8-1,160nH,LQW18CNR16J00D,muRata(村田),C437367,LCSC
24,1,SPH0645LM4H-B,MIC1,MIC-SMD_6P-L3.5-W2.7-P0.90-BL,,SPH0645LM4H-B,Knowles,C45337831,LCSC
25,5,AO3400A,"Q1,Q2,Q11,Q15,Q16",SOT-23-3_L2.9-W1.3-P1.90-LS2.4-BR,,AO3400A,AOS,C20917,LCSC
26,3,AO3401A,"Q12,Q13,Q14",SOT-23_L2.9-W1.3-P1.90-LS2.4-BR,,AO3401A,AOS,C15127,LCSC
27,10,10kΩ,"R1,R4,R5,R15,R16,R17,R18,R19,R56,R76",R0603,10kΩ,0603WAF1002T5E,UNI-ROYAL(厚声),C25804,LCSC
28,2,22R / 1%,"R2,R3",R0603,22Ω,0603WAF220JT5E,UNI-ROYAL(厚声),C23345,LCSC
29,2,4.7k,"R6,R7",R0603,4.7kΩ,0603WAF4701T5E,UNI-ROYAL(厚声),C23162,LCSC
30,8,100k,"R9,R10,R28,R31,R43,R49,R55,R59",R0603,100kΩ,0603WAF1003T5E,UNI-ROYAL(厚声),C25803,LCSC
31,2,5.1k 1%,"R20,R21",R0603,5.1kΩ,0603WAF5101T5E,UNI-ROYAL(厚声),C23186,LCSC
32,1,2.2kΩ,R22,R0603,2.2kΩ,0603WAF2201T5E,UNI-ROYAL(厚声),C4190,LCSC
33,1,4.7kΩ,R23,R0603,4.7kΩ,0603WAF4701T5E,UNI-ROYAL(厚声),C23162,LCSC
34,1,53.6k 0.1%,R26,R0603,53.6kΩ,RT0603BRD0753K6L,YAGEO(国巨),C861467,LCSC
35,1,10k 0.1%,R27,R0603,10kΩ,RT0603BRD0710KL,YAGEO(国巨),C95204,LCSC
36,5,33R,"R32,R33,R40,R41,R42",R0603,33Ω,0603WAF330JT5E,UNI-ROYAL(厚声),C23140,LCSC
37,6,47k,"R34,R35,R36,R37,R38,R51",R0603,47kΩ,0603WAF4702T5E,UNI-ROYAL(厚声),C25819,LCSC
38,1,1M 1%,R44,R0603,1MΩ,0603WAF1004T5E,UNI-ROYAL(厚声),C22935,LCSC
39,1,330k 1%,R45,R0603,330kΩ,0603WAF3303T5E,UNI-ROYAL(厚声),C23137,LCSC
40,2,200R 1% >=0.125W,"R46,R47",R0603,200Ω,TNPW0603200RBEEA,VISHAY,C844266,LCSC
41,4,1kΩ,"R48,R53,R54,R73",R0603,1kΩ,0603WAF1001T5E,UNI-ROYAL(厚声),C21190,LCSC
42,1,47R,R50,R0603,47Ω,0603WAF470JT5E,UNI-ROYAL(厚声),C23182,LCSC
43,1,20k 1%,R52,R0603,20kΩ,0603WAF2002T5E,UNI-ROYAL(厚声),C4184,LCSC
44,1,1R 1% >=0.1W,R57,R0603,1Ω,0603WAF100KT5E,UNI-ROYAL(厚声),C22936,LCSC
45,1,0R,R58,R0603,0Ω,0603WAF0000T5E,UNI-ROYAL(厚声),C21189,LCSC
46,4,1R / 1% / 0.25W C17928,"R60,R61,R66,R67",R1206,1Ω,1206W4F100KT5E,UNI-ROYAL(厚声),C17928,LCSC
47,2,2.2k / 1%,"R62,R63",R0603,2.2kΩ,0603WAF2201T5E,UNI-ROYAL(厚声),C4190,LCSC
48,5,100kΩ,"R74,R75,R84,R85,R86",R0603,100kΩ,0603WAF1003T5E,UNI-ROYAL(厚声),C25803,LCSC
49,5,TS-1187A-A-I-B,"SW1,SW2,SW3,SW4,SW5",SW-SMD_4P-L5.1-W5.1-P3.70-LS6.5-TL_H1.7,,TS-1187A-A-I-B,XKB Connection(中国星坤),C21262538,LCSC
50,1,B3U-3000P / SIDE POWER,SW6,KEY-SMD_B3U-3000P,,B3U-3000P,OMRON(欧姆龙),C963349,LCSC
51,1,ESP32-S3-WROOM-1-N16R8,U1,WIRELM-SMD_ESP32-S3-WROOM-1,2.4GHz,ESP32-S3-WROOM-1-N16R8,ESPRESSIF(乐鑫),C2913202,LCSC
52,1,BQ24074RGTR,U3,QFN-16_L3.0-W3.0-P0.50-TL-EP1.7,,BQ24074RGTR,TI(德州仪器),C54313,LCSC
53,1,TPS63802DLAR,U4,VSON-HR-10_L3.0-W2.0-P0.50-TL,,TPS63802DLAR,TI(德州仪器),C2845237,LCSC
54,1,MAX98357AETE+T,U7,TQFN-16_L3.0-W3.0-P0.50-BL-EP1.5,,MAX98357AETE+T,ADI(亚德诺)/MAXIM(美信),C910544,LCSC
55,1,PN7160A1HN/C100Y,U8,HVQFN-40_L6.0-W6.0-P0.50-BL-EP4.1,13.56MHz,PN7160A1HN/C100Y,NXP(恩智浦),C3303790,LCSC
56,1,TLV9001IDBVR,U9,SOT-23-5_L3.0-W1.7-P0.95-LS2.8-BR,,TLV9001IDBVR,TI(德州仪器),C398363,LCSC
57,1,XRCGB27M120F3M10R0,Y1,CRYSTAL-SMD_4P-L2.0-W1.6-BL,27.12MHz,XRCGB27M120F3M10R0,muRata(村田),C338245,LCSC
