designator,current_value,current_footprint,current_lcsc,candidate_lcsc,candidate_mpn,mapping_source,historic_unit_cny,price_status,historic_candidate_superseded,release_status
C1,10uF / 10V X5R,C0603,,C19702,CL10A106KP8NNNC,HISTORICAL_UNQUALIFIED_MATCH,0.196,HISTORICAL_2026_09_26_NOT_LIVE,,NOT_FOR_ORDER
C2,100nF / 10V X7R,C0603,,C14663,CC0603KRX7R9BB104,HISTORICAL_UNQUALIFIED_MATCH,0.0751,HISTORICAL_2026_09_26_NOT_LIVE,,NOT_FOR_ORDER
C3,1uF,C0603,C15849,C15849,CL10A105KB8NNNC,CURRENT_PROJECT_FIELD,0.463,HISTORICAL_2026_09_26_NOT_LIVE,C59782,NOT_FOR_ORDER
C6,100nF / 10V X7R,C0603,,C14663,CC0603KRX7R9BB104,HISTORICAL_UNQUALIFIED_MATCH,0.0751,HISTORICAL_2026_09_26_NOT_LIVE,,NOT_FOR_ORDER
C7,4.7uF / 10V X5R,C0603,,C19666,CL10A475KO8NNNC,HISTORICAL_UNQUALIFIED_MATCH,0.181,HISTORICAL_2026_09_26_NOT_LIVE,,NOT_FOR_ORDER
C8,100nF / 10V X7R,C0603,,C14663,CC0603KRX7R9BB104,HISTORICAL_UNQUALIFIED_MATCH,0.0751,HISTORICAL_2026_09_26_NOT_LIVE,,NOT_FOR_ORDER
C9,1uF,C0603,C15849,C15849,CL10A105KB8NNNC,CURRENT_PROJECT_FIELD,0.463,HISTORICAL_2026_09_26_NOT_LIVE,C59782,NOT_FOR_ORDER
C10,10uF / 10V X5R,C0603,,C19702,CL10A106KP8NNNC,HISTORICAL_UNQUALIFIED_MATCH,0.196,HISTORICAL_2026_09_26_NOT_LIVE,,NOT_FOR_ORDER
C11,10uF / 10V X5R,C0603,,C19702,CL10A106KP8NNNC,HISTORICAL_UNQUALIFIED_MATCH,0.196,HISTORICAL_2026_09_26_NOT_LIVE,,NOT_FOR_ORDER
C12,10uF / 10V X5R,C0603,,C19702,CL10A106KP8NNNC,HISTORICAL_UNQUALIFIED_MATCH,0.196,HISTORICAL_2026_09_26_NOT_LIVE,,NOT_FOR_ORDER
C13,22uF / 10V X5R,C0603,,C7432770,HGC0603R5226M100NTHJ,HISTORICAL_UNQUALIFIED_MATCH,0.162,HISTORICAL_2026_09_26_NOT_LIVE,,NOT_FOR_ORDER
C14,22uF / 10V X5R,C0603,,C7432770,HGC0603R5226M100NTHJ,HISTORICAL_UNQUALIFIED_MATCH,0.162,HISTORICAL_2026_09_26_NOT_LIVE,,NOT_FOR_ORDER
C15,1uF,C0603,C15849,C15849,CL10A105KB8NNNC,CURRENT_PROJECT_FIELD,0.463,HISTORICAL_2026_09_26_NOT_LIVE,C59782,NOT_FOR_ORDER
C16,1uF,C0603,C15849,C15849,CL10A105KB8NNNC,CURRENT_PROJECT_FIELD,0.463,HISTORICAL_2026_09_26_NOT_LIVE,C59782,NOT_FOR_ORDER
C18,10uF / 10V X5R,C0603,,C19702,CL10A106KP8NNNC,HISTORICAL_UNQUALIFIED_MATCH,0.196,HISTORICAL_2026_09_26_NOT_LIVE,,NOT_FOR_ORDER
C19,100nF / 10V X7R,C0603,,C14663,CC0603KRX7R9BB104,HISTORICAL_UNQUALIFIED_MATCH,0.0751,HISTORICAL_2026_09_26_NOT_LIVE,,NOT_FOR_ORDER
C20,10uF / 10V X5R,C0603,,C19702,CL10A106KP8NNNC,HISTORICAL_UNQUALIFIED_MATCH,0.196,HISTORICAL_2026_09_26_NOT_LIVE,,NOT_FOR_ORDER
C21,100nF / 10V X7R,C0603,,C14663,CC0603KRX7R9BB104,HISTORICAL_UNQUALIFIED_MATCH,0.0751,HISTORICAL_2026_09_26_NOT_LIVE,,NOT_FOR_ORDER
C22,100nF / 10V X7R,C0603,,C14663,CC0603KRX7R9BB104,HISTORICAL_UNQUALIFIED_MATCH,0.0751,HISTORICAL_2026_09_26_NOT_LIVE,,NOT_FOR_ORDER
C23,100nF / 10V X7R,C0603,,C14663,CC0603KRX7R9BB104,HISTORICAL_UNQUALIFIED_MATCH,0.0751,HISTORICAL_2026_09_26_NOT_LIVE,,NOT_FOR_ORDER
C24,4.7uF / 10V X5R,C0603,,C19666,CL10A475KO8NNNC,HISTORICAL_UNQUALIFIED_MATCH,0.181,HISTORICAL_2026_09_26_NOT_LIVE,,NOT_FOR_ORDER
C25,100nF / 10V X7R,C0603,,C14663,CC0603KRX7R9BB104,HISTORICAL_UNQUALIFIED_MATCH,0.0751,HISTORICAL_2026_09_26_NOT_LIVE,,NOT_FOR_ORDER
C26,100nF / 10V X7R,C0603,,C14663,CC0603KRX7R9BB104,HISTORICAL_UNQUALIFIED_MATCH,0.0751,HISTORICAL_2026_09_26_NOT_LIVE,,NOT_FOR_ORDER
C27,1uF / 10V X5R,C0603,,C15849,CL10A105KB8NNNC,HISTORICAL_UNQUALIFIED_MATCH,0.463,HISTORICAL_2026_09_26_NOT_LIVE,,NOT_FOR_ORDER
C28,1nF,C0603,C309468,C309468,CC0603FRNPO9BN102,CURRENT_PROJECT_FIELD,0.0966,HISTORICAL_2026_09_26_NOT_LIVE,,NOT_FOR_ORDER
C29,4.7uF / 10V X5R,C0603,,C19666,CL10A475KO8NNNC,HISTORICAL_UNQUALIFIED_MATCH,0.181,HISTORICAL_2026_09_26_NOT_LIVE,,NOT_FOR_ORDER
C30,100nF / 10V X7R,C0603,,C14663,CC0603KRX7R9BB104,HISTORICAL_UNQUALIFIED_MATCH,0.0751,HISTORICAL_2026_09_26_NOT_LIVE,,NOT_FOR_ORDER
C31,4.7uF / 10V X5R,C0603,,C19666,CL10A475KO8NNNC,HISTORICAL_UNQUALIFIED_MATCH,0.181,HISTORICAL_2026_09_26_NOT_LIVE,,NOT_FOR_ORDER
C32,1uF / 10V X5R,C0603,,C15849,CL10A105KB8NNNC,HISTORICAL_UNQUALIFIED_MATCH,0.463,HISTORICAL_2026_09_26_NOT_LIVE,,NOT_FOR_ORDER
C33,2.2uF / 10V X5R,C0603,,C23630,CL10A225KO8NNNC,HISTORICAL_UNQUALIFIED_MATCH,0.111,HISTORICAL_2026_09_26_NOT_LIVE,,NOT_FOR_ORDER
C34,2.2uF / 10V X5R,C0603,,C23630,CL10A225KO8NNNC,HISTORICAL_UNQUALIFIED_MATCH,0.111,HISTORICAL_2026_09_26_NOT_LIVE,,NOT_FOR_ORDER
C35,2.2uF / 10V X5R,C0603,,C23630,CL10A225KO8NNNC,HISTORICAL_UNQUALIFIED_MATCH,0.111,HISTORICAL_2026_09_26_NOT_LIVE,,NOT_FOR_ORDER
C36,2.2uF / 10V X5R,C0603,,C23630,CL10A225KO8NNNC,HISTORICAL_UNQUALIFIED_MATCH,0.111,HISTORICAL_2026_09_26_NOT_LIVE,,NOT_FOR_ORDER
C37,100nF / 10V X7R,C0603,,C14663,CC0603KRX7R9BB104,HISTORICAL_UNQUALIFIED_MATCH,0.0751,HISTORICAL_2026_09_26_NOT_LIVE,,NOT_FOR_ORDER
C38,16pF / 50V C0G 2%,C0603,,C519489,CC0603FRNPO9BN160,HISTORICAL_UNQUALIFIED_MATCH,0.119,HISTORICAL_2026_09_26_NOT_LIVE,,NOT_FOR_ORDER
C39,16pF / 50V C0G 2%,C0603,,C519489,CC0603FRNPO9BN160,HISTORICAL_UNQUALIFIED_MATCH,0.119,HISTORICAL_2026_09_26_NOT_LIVE,,NOT_FOR_ORDER
C40,750pF / 50V C0G 2%,C0603,,C17578242,GCM1885C2A751FA16J,HISTORICAL_UNQUALIFIED_MATCH,0.518,HISTORICAL_2026_09_26_NOT_LIVE,,NOT_FOR_ORDER
C41,750pF / 50V C0G 2%,C0603,,C17578242,GCM1885C2A751FA16J,HISTORICAL_UNQUALIFIED_MATCH,0.518,HISTORICAL_2026_09_26_NOT_LIVE,,NOT_FOR_ORDER
C42,62pF / 50V C0G 2%,C0603,,C296067,0603N620G500CT,HISTORICAL_UNQUALIFIED_MATCH,0.0557,HISTORICAL_2026_09_26_NOT_LIVE,,NOT_FOR_ORDER
C43,62pF / 50V C0G 2%,C0603,,C296067,0603N620G500CT,HISTORICAL_UNQUALIFIED_MATCH,0.0557,HISTORICAL_2026_09_26_NOT_LIVE,,NOT_FOR_ORDER
C44,200pF / 50V C0G 2%,C0603,,C519477,CC0603GRNPO9BN201,HISTORICAL_UNQUALIFIED_MATCH,0.0833,HISTORICAL_2026_09_26_NOT_LIVE,,NOT_FOR_ORDER
C45,200pF / 50V C0G 2%,C0603,,C519477,CC0603GRNPO9BN201,HISTORICAL_UNQUALIFIED_MATCH,0.0833,HISTORICAL_2026_09_26_NOT_LIVE,,NOT_FOR_ORDER
C46,1nF,C0603,C309468,C309468,CC0603FRNPO9BN102,CURRENT_PROJECT_FIELD,0.0966,HISTORICAL_2026_09_26_NOT_LIVE,,NOT_FOR_ORDER
C47,1nF,C0603,C309468,C309468,CC0603FRNPO9BN102,CURRENT_PROJECT_FIELD,0.0966,HISTORICAL_2026_09_26_NOT_LIVE,,NOT_FOR_ORDER
C60,100nF,C0603,C14663,C14663,CC0603KRX7R9BB104,CURRENT_PROJECT_FIELD,0.0751,HISTORICAL_2026_09_26_NOT_LIVE,,NOT_FOR_ORDER
C61,100nF,C0603,C14663,C14663,CC0603KRX7R9BB104,CURRENT_PROJECT_FIELD,0.0751,HISTORICAL_2026_09_26_NOT_LIVE,,NOT_FOR_ORDER
C62,1uF,C0603,C15849,C15849,CL10A105KB8NNNC,CURRENT_PROJECT_FIELD,0.463,HISTORICAL_2026_09_26_NOT_LIVE,,NOT_FOR_ORDER
C63,100nF,C0603,C14663,C14663,CC0603KRX7R9BB104,CURRENT_PROJECT_FIELD,0.0751,HISTORICAL_2026_09_26_NOT_LIVE,,NOT_FOR_ORDER
D1,TPD2EUSB30DRTR,SOT-9X3-3_L1.0-W0.8-P0.35-LS1.0-BR,,C97502,TPD2EUSB30DRTR,HISTORICAL_UNQUALIFIED_MATCH,2.72,HISTORICAL_2026_09_26_NOT_LIVE,,NOT_FOR_ORDER
D2,TPD2EUSB30DRTR,SOT-9X3-3_L1.0-W0.8-P0.35-LS1.0-BR,,C97502,TPD2EUSB30DRTR,HISTORICAL_UNQUALIFIED_MATCH,2.72,HISTORICAL_2026_09_26_NOT_LIVE,,NOT_FOR_ORDER
D3,TPD2EUSB30DRTR,SOT-9X3-3_L1.0-W0.8-P0.35-LS1.0-BR,,C97502,TPD2EUSB30DRTR,HISTORICAL_UNQUALIFIED_MATCH,2.72,HISTORICAL_2026_09_26_NOT_LIVE,,NOT_FOR_ORDER
D4,IR91-21C/TR10,LED-SMD_IR91-21C-TR10,,C108185,IR91-21C/TR10,HISTORICAL_UNQUALIFIED_MATCH,0.403,HISTORICAL_2026_09_26_NOT_LIVE,,NOT_FOR_ORDER
D5,TPD2EUSB30DRTR,SOT-9X3-3_L1.0-W0.8-P0.35-LS1.0-BR,,C97502,TPD2EUSB30DRTR,HISTORICAL_UNQUALIFIED_MATCH,2.72,HISTORICAL_2026_09_26_NOT_LIVE,,NOT_FOR_ORDER
D6,TPD2EUSB30DRTR,SOT-9X3-3_L1.0-W0.8-P0.35-LS1.0-BR,,C97502,TPD2EUSB30DRTR,HISTORICAL_UNQUALIFIED_MATCH,2.72,HISTORICAL_2026_09_26_NOT_LIVE,,NOT_FOR_ORDER
D7,TPD2EUSB30DRTR,SOT-9X3-3_L1.0-W0.8-P0.35-LS1.0-BR,,C97502,TPD2EUSB30DRTR,HISTORICAL_UNQUALIFIED_MATCH,2.72,HISTORICAL_2026_09_26_NOT_LIVE,,NOT_FOR_ORDER
IR1,IRM-H638T/TR2,SENSOR-SMD_IRM-H638T-TR2-TL,,C91447,IRM-H638T/TR2,HISTORICAL_UNQUALIFIED_MATCH,1.587,HISTORICAL_2026_09_26_NOT_LIVE,,NOT_FOR_ORDER
J1,FH12A-40S-0.5SH(55),RURI_FH12A40_TOP_DRAFT,C506795,C506795,FH12A-40S-0.5SH(55),CURRENT_PROJECT_FIELD,,UNPRICED,,NOT_FOR_ORDER
J2,USB4105-GF-A,RURI_GCT_USB4105_REVB1,,C3020560,USB4105-GF-A,HISTORICAL_UNQUALIFIED_MATCH,4.55,HISTORICAL_2026_09_26_NOT_LIVE,,NOT_FOR_ORDER
J3,S3B-XH-SM4-TB(LF)(SN),CONN-TH_S3B-XH-SM4-TB-LF-SN,C161860,C161860,S3B-XH-SM4-TB(LF)(SN),CURRENT_PROJECT_FIELD,,UNPRICED,C160353,NOT_FOR_ORDER
J4,DM3AT-SF-PEJM5,SD-SMD_DM3AT-SF-PEJM5,,C114218,DM3AT-SF-PEJM5,HISTORICAL_UNQUALIFIED_MATCH,10.88,HISTORICAL_2026_09_26_NOT_LIVE,,NOT_FOR_ORDER
J5,S2B-PH-SM4-TB(LF)(SN),CONN-SMD_P2.00_S2B-PH-SM4-TB-LF-SN,,C295747,S2B-PH-SM4-TB(LF)(SN),HISTORICAL_UNQUALIFIED_MATCH,1.454,HISTORICAL_2026_09_26_NOT_LIVE,,NOT_FOR_ORDER
L1,XFL4015-471MEC / 0.47uH,IND-SMD_L4.0-W4.0_XFL4020-102MEB,,C18221164,XFL4015-471MEC,HISTORICAL_UNQUALIFIED_MATCH,25.85,HISTORICAL_2026_09_26_NOT_LIVE,,NOT_FOR_ORDER
L2,160nH LQW18CNR16J00D,IND-SMD_L1.6-W0.8-1,,C437367,LQW18CNR16J00D,HISTORICAL_UNQUALIFIED_MATCH,0.763,HISTORICAL_2026_09_26_NOT_LIVE,,NOT_FOR_ORDER
L3,160nH LQW18CNR16J00D,IND-SMD_L1.6-W0.8-1,,C437367,LQW18CNR16J00D,HISTORICAL_UNQUALIFIED_MATCH,0.763,HISTORICAL_2026_09_26_NOT_LIVE,,NOT_FOR_ORDER
MIC1,SPH0645LM4H-B,MIC-SMD_6P-L3.5-W2.7-P0.90-BL,,C45337831,SPH0645LM4H-B,HISTORICAL_UNQUALIFIED_MATCH,11.9,HISTORICAL_2026_09_26_NOT_LIVE,,NOT_FOR_ORDER
Q1,AO3400A,SOT-23-3_L2.9-W1.3-P1.90-LS2.4-BR,,C20917,AO3400A,HISTORICAL_UNQUALIFIED_MATCH,0.52,HISTORICAL_2026_09_26_NOT_LIVE,,NOT_FOR_ORDER
Q2,AO3400A,SOT-23-3_L2.9-W1.3-P1.90-LS2.4-BR,,C20917,AO3400A,HISTORICAL_UNQUALIFIED_MATCH,0.52,HISTORICAL_2026_09_26_NOT_LIVE,,NOT_FOR_ORDER
Q11,={Manufacturer Part},SOT-23-3_L2.9-W1.3-P1.90-LS2.4-BR,C8545,C8545,2N7002,CURRENT_PROJECT_FIELD,,UNPRICED,,NOT_FOR_ORDER
Q12,={Manufacturer Part},SOT-23_L2.9-W1.3-P1.90-LS2.4-BR,C15127,C15127,AO3401A,CURRENT_PROJECT_FIELD,,UNPRICED,,NOT_FOR_ORDER
Q13,={Manufacturer Part},SOT-23_L2.9-W1.3-P1.90-LS2.4-BR,C15127,C15127,AO3401A,CURRENT_PROJECT_FIELD,,UNPRICED,,NOT_FOR_ORDER
Q14,={Manufacturer Part},SOT-23_L2.9-W1.3-P1.90-LS2.4-BR,C15127,C15127,AO3401A,CURRENT_PROJECT_FIELD,,UNPRICED,,NOT_FOR_ORDER
Q15,={Manufacturer Part},SOT-23-3_L2.9-W1.3-P1.90-LS2.4-BR,C8545,C8545,2N7002,CURRENT_PROJECT_FIELD,,UNPRICED,,NOT_FOR_ORDER
R1,10kΩ,R0603,C25804,C25804,0603WAF1002T5E,CURRENT_PROJECT_FIELD,0.011,HISTORICAL_2026_09_26_NOT_LIVE,,NOT_FOR_ORDER
R2,22R / 1%,R0603,,C23345,0603WAF220JT5E,HISTORICAL_UNQUALIFIED_MATCH,0.0101,HISTORICAL_2026_09_26_NOT_LIVE,,NOT_FOR_ORDER
R3,22R / 1%,R0603,,C23345,0603WAF220JT5E,HISTORICAL_UNQUALIFIED_MATCH,0.0101,HISTORICAL_2026_09_26_NOT_LIVE,,NOT_FOR_ORDER
R4,10kΩ,R0603,C25804,C25804,0603WAF1002T5E,CURRENT_PROJECT_FIELD,0.011,HISTORICAL_2026_09_26_NOT_LIVE,,NOT_FOR_ORDER
R5,10kΩ,R0603,C25804,C25804,0603WAF1002T5E,CURRENT_PROJECT_FIELD,0.011,HISTORICAL_2026_09_26_NOT_LIVE,,NOT_FOR_ORDER
R6,4.7k,R0603,,C23162,0603WAF4701T5E,HISTORICAL_UNQUALIFIED_MATCH,0.0169,HISTORICAL_2026_09_26_NOT_LIVE,,NOT_FOR_ORDER
R7,4.7k,R0603,,C23162,0603WAF4701T5E,HISTORICAL_UNQUALIFIED_MATCH,0.0169,HISTORICAL_2026_09_26_NOT_LIVE,,NOT_FOR_ORDER
R8,10kΩ,R0603,C25804,C25804,0603WAF1002T5E,CURRENT_PROJECT_FIELD,0.011,HISTORICAL_2026_09_26_NOT_LIVE,,NOT_FOR_ORDER
R9,100k,R0603,,C25803,0603WAF1003T5E,HISTORICAL_UNQUALIFIED_MATCH,0.0187,HISTORICAL_2026_09_26_NOT_LIVE,,NOT_FOR_ORDER
R10,100k,R0603,,C25803,0603WAF1003T5E,HISTORICAL_UNQUALIFIED_MATCH,0.0187,HISTORICAL_2026_09_26_NOT_LIVE,,NOT_FOR_ORDER
R11,100k,R0603,,C25803,0603WAF1003T5E,HISTORICAL_UNQUALIFIED_MATCH,0.0187,HISTORICAL_2026_09_26_NOT_LIVE,,NOT_FOR_ORDER
R12,100k,R0603,,C25803,0603WAF1003T5E,HISTORICAL_UNQUALIFIED_MATCH,0.0187,HISTORICAL_2026_09_26_NOT_LIVE,,NOT_FOR_ORDER
R13,100k,R0603,,C25803,0603WAF1003T5E,HISTORICAL_UNQUALIFIED_MATCH,0.0187,HISTORICAL_2026_09_26_NOT_LIVE,,NOT_FOR_ORDER
R14,100k,R0603,,C25803,0603WAF1003T5E,HISTORICAL_UNQUALIFIED_MATCH,0.0187,HISTORICAL_2026_09_26_NOT_LIVE,,NOT_FOR_ORDER
R15,10kΩ,R0603,C25804,C25804,0603WAF1002T5E,CURRENT_PROJECT_FIELD,0.011,HISTORICAL_2026_09_26_NOT_LIVE,,NOT_FOR_ORDER
R16,10kΩ,R0603,C25804,C25804,0603WAF1002T5E,CURRENT_PROJECT_FIELD,0.011,HISTORICAL_2026_09_26_NOT_LIVE,,NOT_FOR_ORDER
R17,10kΩ,R0603,C25804,C25804,0603WAF1002T5E,CURRENT_PROJECT_FIELD,0.011,HISTORICAL_2026_09_26_NOT_LIVE,,NOT_FOR_ORDER
R18,10kΩ,R0603,C25804,C25804,0603WAF1002T5E,CURRENT_PROJECT_FIELD,0.011,HISTORICAL_2026_09_26_NOT_LIVE,,NOT_FOR_ORDER
R19,10kΩ,R0603,C25804,C25804,0603WAF1002T5E,CURRENT_PROJECT_FIELD,0.011,HISTORICAL_2026_09_26_NOT_LIVE,,NOT_FOR_ORDER
R20,5.1k 1%,R0603,,C23186,0603WAF5101T5E,HISTORICAL_UNQUALIFIED_MATCH,0.0091,HISTORICAL_2026_09_26_NOT_LIVE,,NOT_FOR_ORDER
R21,5.1k 1%,R0603,,C23186,0603WAF5101T5E,HISTORICAL_UNQUALIFIED_MATCH,0.0091,HISTORICAL_2026_09_26_NOT_LIVE,,NOT_FOR_ORDER
R22,2.2kΩ,R0603,C4190,C4190,0603WAF2201T5E,CURRENT_PROJECT_FIELD,0.0101,HISTORICAL_2026_09_26_NOT_LIVE,C22849,NOT_FOR_ORDER
R23,4.7kΩ,R0603,C23162,C23162,0603WAF4701T5E,CURRENT_PROJECT_FIELD,0.0169,HISTORICAL_2026_09_26_NOT_LIVE,C2998120,NOT_FOR_ORDER
R24,100k,R0603,,C25803,0603WAF1003T5E,HISTORICAL_UNQUALIFIED_MATCH,0.0187,HISTORICAL_2026_09_26_NOT_LIVE,,NOT_FOR_ORDER
R25,100k,R0603,,C25803,0603WAF1003T5E,HISTORICAL_UNQUALIFIED_MATCH,0.0187,HISTORICAL_2026_09_26_NOT_LIVE,,NOT_FOR_ORDER
R26,53.6k 0.1%,R0603,,C861467,RT0603BRD0753K6L,HISTORICAL_UNQUALIFIED_MATCH,0.356,HISTORICAL_2026_09_26_NOT_LIVE,,NOT_FOR_ORDER
R27,10k 0.1%,R0603,,C95204,RT0603BRD0710KL,HISTORICAL_UNQUALIFIED_MATCH,0.189,HISTORICAL_2026_09_26_NOT_LIVE,,NOT_FOR_ORDER
R28,100k,R0603,,C25803,0603WAF1003T5E,HISTORICAL_UNQUALIFIED_MATCH,0.0187,HISTORICAL_2026_09_26_NOT_LIVE,,NOT_FOR_ORDER
R29,100R,R0603,,C22775,0603WAF1000T5E,HISTORICAL_UNQUALIFIED_MATCH,0.0189,HISTORICAL_2026_09_26_NOT_LIVE,,NOT_FOR_ORDER
R30,={Value},R0603,C25803,C25803,0603WAF1003T5E,CURRENT_PROJECT_FIELD,0.0187,HISTORICAL_2026_09_26_NOT_LIVE,,NOT_FOR_ORDER
R31,100k,R0603,,C25803,0603WAF1003T5E,HISTORICAL_UNQUALIFIED_MATCH,0.0187,HISTORICAL_2026_09_26_NOT_LIVE,,NOT_FOR_ORDER
R32,33R,R0603,,C23140,0603WAF330JT5E,HISTORICAL_UNQUALIFIED_MATCH,0.015,HISTORICAL_2026_09_26_NOT_LIVE,,NOT_FOR_ORDER
R33,33R,R0603,,C23140,0603WAF330JT5E,HISTORICAL_UNQUALIFIED_MATCH,0.015,HISTORICAL_2026_09_26_NOT_LIVE,,NOT_FOR_ORDER
R34,47k,R0603,,C25819,0603WAF4702T5E,HISTORICAL_UNQUALIFIED_MATCH,0.021,HISTORICAL_2026_09_26_NOT_LIVE,,NOT_FOR_ORDER
R35,47k,R0603,,C25819,0603WAF4702T5E,HISTORICAL_UNQUALIFIED_MATCH,0.021,HISTORICAL_2026_09_26_NOT_LIVE,,NOT_FOR_ORDER
R36,47k,R0603,,C25819,0603WAF4702T5E,HISTORICAL_UNQUALIFIED_MATCH,0.021,HISTORICAL_2026_09_26_NOT_LIVE,,NOT_FOR_ORDER
R37,47k,R0603,,C25819,0603WAF4702T5E,HISTORICAL_UNQUALIFIED_MATCH,0.021,HISTORICAL_2026_09_26_NOT_LIVE,,NOT_FOR_ORDER
R38,47k,R0603,,C25819,0603WAF4702T5E,HISTORICAL_UNQUALIFIED_MATCH,0.021,HISTORICAL_2026_09_26_NOT_LIVE,,NOT_FOR_ORDER
R39,47k,R0603,,C25819,0603WAF4702T5E,HISTORICAL_UNQUALIFIED_MATCH,0.021,HISTORICAL_2026_09_26_NOT_LIVE,,NOT_FOR_ORDER
R40,33R,R0603,,C23140,0603WAF330JT5E,HISTORICAL_UNQUALIFIED_MATCH,0.015,HISTORICAL_2026_09_26_NOT_LIVE,,NOT_FOR_ORDER
R41,33R,R0603,,C23140,0603WAF330JT5E,HISTORICAL_UNQUALIFIED_MATCH,0.015,HISTORICAL_2026_09_26_NOT_LIVE,,NOT_FOR_ORDER
R42,33R,R0603,,C23140,0603WAF330JT5E,HISTORICAL_UNQUALIFIED_MATCH,0.015,HISTORICAL_2026_09_26_NOT_LIVE,,NOT_FOR_ORDER
R43,100k,R0603,,C25803,0603WAF1003T5E,HISTORICAL_UNQUALIFIED_MATCH,0.0187,HISTORICAL_2026_09_26_NOT_LIVE,,NOT_FOR_ORDER
R44,1M 1%,R0603,,C22935,0603WAF1004T5E,HISTORICAL_UNQUALIFIED_MATCH,0.0108,HISTORICAL_2026_09_26_NOT_LIVE,,NOT_FOR_ORDER
R45,330k 1%,R0603,,C23137,0603WAF3303T5E,HISTORICAL_UNQUALIFIED_MATCH,0.0074,HISTORICAL_2026_09_26_NOT_LIVE,,NOT_FOR_ORDER
R46,200R 1% >=0.125W,R0603,,C844266,TNPW0603200RBEEA,HISTORICAL_UNQUALIFIED_MATCH,0.531,HISTORICAL_2026_09_26_NOT_LIVE,,NOT_FOR_ORDER
R47,200R 1% >=0.125W,R0603,,C844266,TNPW0603200RBEEA,HISTORICAL_UNQUALIFIED_MATCH,0.531,HISTORICAL_2026_09_26_NOT_LIVE,,NOT_FOR_ORDER
R48,1kΩ,R0603,C21190,C21190,0603WAF1001T5E,CURRENT_PROJECT_FIELD,0.0154,HISTORICAL_2026_09_26_NOT_LIVE,,NOT_FOR_ORDER
R49,100k,R0603,,C25803,0603WAF1003T5E,HISTORICAL_UNQUALIFIED_MATCH,0.0187,HISTORICAL_2026_09_26_NOT_LIVE,,NOT_FOR_ORDER
R50,47R,R0603,,C23182,0603WAF470JT5E,HISTORICAL_UNQUALIFIED_MATCH,0.0225,HISTORICAL_2026_09_26_NOT_LIVE,,NOT_FOR_ORDER
R51,47k,R0603,,C25819,0603WAF4702T5E,HISTORICAL_UNQUALIFIED_MATCH,0.021,HISTORICAL_2026_09_26_NOT_LIVE,,NOT_FOR_ORDER
R52,20k 1%,R0603,,C4184,0603WAF2002T5E,HISTORICAL_UNQUALIFIED_MATCH,0.0139,HISTORICAL_2026_09_26_NOT_LIVE,,NOT_FOR_ORDER
R53,1kΩ,R0603,C21190,C21190,0603WAF1001T5E,CURRENT_PROJECT_FIELD,0.0154,HISTORICAL_2026_09_26_NOT_LIVE,,NOT_FOR_ORDER
R54,1kΩ,R0603,C21190,C21190,0603WAF1001T5E,CURRENT_PROJECT_FIELD,0.0154,HISTORICAL_2026_09_26_NOT_LIVE,,NOT_FOR_ORDER
R55,100k,R0603,,C25803,0603WAF1003T5E,HISTORICAL_UNQUALIFIED_MATCH,0.0187,HISTORICAL_2026_09_26_NOT_LIVE,,NOT_FOR_ORDER
R56,10kΩ,R0603,C25804,C25804,0603WAF1002T5E,CURRENT_PROJECT_FIELD,0.011,HISTORICAL_2026_09_26_NOT_LIVE,,NOT_FOR_ORDER
R57,1R 1% >=0.1W,R0603,,C22936,0603WAF100KT5E,HISTORICAL_UNQUALIFIED_MATCH,0.0159,HISTORICAL_2026_09_26_NOT_LIVE,,NOT_FOR_ORDER
R58,0R,R0603,,C21189,0603WAF0000T5E,HISTORICAL_UNQUALIFIED_MATCH,0.0137,HISTORICAL_2026_09_26_NOT_LIVE,,NOT_FOR_ORDER
R59,100k,R0603,,C25803,0603WAF1003T5E,HISTORICAL_UNQUALIFIED_MATCH,0.0187,HISTORICAL_2026_09_26_NOT_LIVE,,NOT_FOR_ORDER
R60,1R / 1% / 0.25W C17928,R1206,,C17928,1206W4F100KT5E,HISTORICAL_UNQUALIFIED_MATCH,0.143,HISTORICAL_2026_09_26_NOT_LIVE,,NOT_FOR_ORDER
R61,1R / 1% / 0.25W C17928,R1206,,C17928,1206W4F100KT5E,HISTORICAL_UNQUALIFIED_MATCH,0.143,HISTORICAL_2026_09_26_NOT_LIVE,,NOT_FOR_ORDER
R62,2.2k / 1%,R0603,,C4190,0603WAF2201T5E,HISTORICAL_UNQUALIFIED_MATCH,0.0101,HISTORICAL_2026_09_26_NOT_LIVE,,NOT_FOR_ORDER
R63,2.2k / 1%,R0603,,C4190,0603WAF2201T5E,HISTORICAL_UNQUALIFIED_MATCH,0.0101,HISTORICAL_2026_09_26_NOT_LIVE,,NOT_FOR_ORDER
R66,1R / 1% / 0.25W C17928,R1206,,C17928,1206W4F100KT5E,HISTORICAL_UNQUALIFIED_MATCH,0.143,HISTORICAL_2026_09_26_NOT_LIVE,,NOT_FOR_ORDER
R67,1R / 1% / 0.25W C17928,R1206,,C17928,1206W4F100KT5E,HISTORICAL_UNQUALIFIED_MATCH,0.143,HISTORICAL_2026_09_26_NOT_LIVE,,NOT_FOR_ORDER
R70,100kΩ,R0603,C25803,C25803,0603WAF1003T5E,CURRENT_PROJECT_FIELD,0.0187,HISTORICAL_2026_09_26_NOT_LIVE,,NOT_FOR_ORDER
R72,100kΩ,R0603,C25803,C25803,0603WAF1003T5E,CURRENT_PROJECT_FIELD,0.0187,HISTORICAL_2026_09_26_NOT_LIVE,,NOT_FOR_ORDER
R73,10kΩ,R0603,C25804,C25804,0603WAF1002T5E,CURRENT_PROJECT_FIELD,0.011,HISTORICAL_2026_09_26_NOT_LIVE,,NOT_FOR_ORDER
R74,100kΩ,R0603,C25803,C25803,0603WAF1003T5E,CURRENT_PROJECT_FIELD,0.0187,HISTORICAL_2026_09_26_NOT_LIVE,,NOT_FOR_ORDER
R75,100kΩ,R0603,C25803,C25803,0603WAF1003T5E,CURRENT_PROJECT_FIELD,0.0187,HISTORICAL_2026_09_26_NOT_LIVE,,NOT_FOR_ORDER
R76,10kΩ,R0603,C25804,C25804,0603WAF1002T5E,CURRENT_PROJECT_FIELD,0.011,HISTORICAL_2026_09_26_NOT_LIVE,,NOT_FOR_ORDER
R77,10kΩ,R0603,C25804,C25804,0603WAF1002T5E,CURRENT_PROJECT_FIELD,0.011,HISTORICAL_2026_09_26_NOT_LIVE,,NOT_FOR_ORDER
R78,10kΩ,R0603,C25804,C25804,0603WAF1002T5E,CURRENT_PROJECT_FIELD,0.011,HISTORICAL_2026_09_26_NOT_LIVE,,NOT_FOR_ORDER
R79,10kΩ,R0603,C25804,C25804,0603WAF1002T5E,CURRENT_PROJECT_FIELD,0.011,HISTORICAL_2026_09_26_NOT_LIVE,,NOT_FOR_ORDER
R80,10kΩ,R0603,C25804,C25804,0603WAF1002T5E,CURRENT_PROJECT_FIELD,0.011,HISTORICAL_2026_09_26_NOT_LIVE,,NOT_FOR_ORDER
R81,10kΩ,R0603,C25804,C25804,0603WAF1002T5E,CURRENT_PROJECT_FIELD,0.011,HISTORICAL_2026_09_26_NOT_LIVE,,NOT_FOR_ORDER
R82,10kΩ,R0603,C25804,C25804,0603WAF1002T5E,CURRENT_PROJECT_FIELD,0.011,HISTORICAL_2026_09_26_NOT_LIVE,,NOT_FOR_ORDER
R83,10kΩ,R0603,C25804,C25804,0603WAF1002T5E,CURRENT_PROJECT_FIELD,0.011,HISTORICAL_2026_09_26_NOT_LIVE,,NOT_FOR_ORDER
SW1,TS-1187A-A-I-B,SW-SMD_4P-L5.1-W5.1-P3.70-LS6.5-TL_H1.7,C21262538,C21262538,TS-1187A-A-I-B,CURRENT_PROJECT_FIELD,0.401,HISTORICAL_2026_09_26_NOT_LIVE,,NOT_FOR_ORDER
SW2,TS-1187A-A-I-B,SW-SMD_4P-L5.1-W5.1-P3.70-LS6.5-TL_H1.7,C21262538,C21262538,TS-1187A-A-I-B,CURRENT_PROJECT_FIELD,0.401,HISTORICAL_2026_09_26_NOT_LIVE,,NOT_FOR_ORDER
SW3,TS-1187A-A-I-B,SW-SMD_4P-L5.1-W5.1-P3.70-LS6.5-TL_H1.7,C21262538,C21262538,TS-1187A-A-I-B,CURRENT_PROJECT_FIELD,0.401,HISTORICAL_2026_09_26_NOT_LIVE,,NOT_FOR_ORDER
SW4,TS-1187A-A-I-B,SW-SMD_4P-L5.1-W5.1-P3.70-LS6.5-TL_H1.7,C21262538,C21262538,TS-1187A-A-I-B,CURRENT_PROJECT_FIELD,0.401,HISTORICAL_2026_09_26_NOT_LIVE,,NOT_FOR_ORDER
SW5,TS-1187A-A-I-B,SW-SMD_4P-L5.1-W5.1-P3.70-LS6.5-TL_H1.7,C21262538,C21262538,TS-1187A-A-I-B,CURRENT_PROJECT_FIELD,0.401,HISTORICAL_2026_09_26_NOT_LIVE,,NOT_FOR_ORDER
SW6,B3U-3000P / SIDE POWER,KEY-SMD_B3U-3000P,,C963349,B3U-3000P,HISTORICAL_UNQUALIFIED_MATCH,2.919,HISTORICAL_2026_09_26_NOT_LIVE,,NOT_FOR_ORDER
U1,2.4GHz,WIRELM-SMD_ESP32-S3-WROOM-1,C2913202,C2913202,ESP32-S3-WROOM-1-N16R8,CURRENT_PROJECT_FIELD,30.968,HISTORICAL_2026_09_26_NOT_LIVE,,NOT_FOR_ORDER
U2,XL9535,TSSOP-24_L7.8-W4.4-P0.65-LS6.4-BL,C561273,C561273,XL9535,CURRENT_PROJECT_FIELD,,UNPRICED,C130204,NOT_FOR_ORDER
U3,BQ24074RGTR,QFN-16_L3.0-W3.0-P0.50-TL-EP1.7,,C54313,BQ24074RGTR,HISTORICAL_UNQUALIFIED_MATCH,14.51,HISTORICAL_2026_09_26_NOT_LIVE,,NOT_FOR_ORDER
U4,TPS63802DLAR,VSON-HR-10_L3.0-W2.0-P0.50-TL,,C2845237,TPS63802DLAR,HISTORICAL_UNQUALIFIED_MATCH,6.25,HISTORICAL_2026_09_26_NOT_LIVE,,NOT_FOR_ORDER
U5,TPS22919DCKR,SC-70-6_L2.2-W1.3-P0.65-LS2.1-BR,,C2149796,TPS22919DCKR,HISTORICAL_UNQUALIFIED_MATCH,0.769,HISTORICAL_2026_09_26_NOT_LIVE,,NOT_FOR_ORDER
U7,MAX98357AETE+T,TQFN-16_L3.0-W3.0-P0.50-BL-EP1.5,,C910544,MAX98357AETE+T,HISTORICAL_UNQUALIFIED_MATCH,8.09,HISTORICAL_2026_09_26_NOT_LIVE,,NOT_FOR_ORDER
U8,PN7160A1HN/C100Y,HVQFN-40_L6.0-W6.0-P0.50-BL-EP4.1,,C3303790,PN7160A1HN/C100Y,HISTORICAL_UNQUALIFIED_MATCH,25.83,HISTORICAL_2026_09_26_NOT_LIVE,,NOT_FOR_ORDER
U9,TLV9001IDBVR,SOT-23-5_L3.0-W1.7-P0.95-LS2.8-BR,,C398363,TLV9001IDBVR,HISTORICAL_UNQUALIFIED_MATCH,0.602,HISTORICAL_2026_09_26_NOT_LIVE,,NOT_FOR_ORDER
U10,={Manufacturer Part},DFN-8_L3.0-W2.0-P0.50-LS2.6-BL-EP,C683779,C683779,LTC2954CDDB-1#TRPBF,CURRENT_PROJECT_FIELD,,UNPRICED,,NOT_FOR_ORDER
Y1,XRCGB27M120F3M10R0,CRYSTAL-SMD_4P-L2.0-W1.6-BL,,C338245,XRCGB27M120F3M10R0,HISTORICAL_UNQUALIFIED_MATCH,2.401,HISTORICAL_2026_09_26_NOT_LIVE,,NOT_FOR_ORDER
